text,cleaned_text,sentiment
Exciting updates about the upcoming F1 season! Don’t miss out!,exciting update upcoming f season dont miss,positive
Happy weekend everyone! What are your plans? Anyone getting ready to watch the F1 race?,happy weekend everyone plan anyone getting ready watch f race,positive
We’re thrilled to announce a new feature that lets you follow all the action from the F1 season right in our app!,thrilled announce new feature let follow action f season right app,positive
Throwback to our amazing F1 launch event last year. Time flies!,throwback amazing f launch event last year time fly,positive
Our mission is to bring F1 fans closer together. Stay tuned for more updates!,mission bring f fan closer together stay tuned update,positive
Disappointed with the latest F1 update. It just doesn’t work as expected.,disappointed latest f update doesnt work expected,negative
We want to hear your feedback! What features would you like to see for F1 fans?,want hear feedback feature would like see f fan,neutral
"Another day, another F1 challenge. Let’s conquer it together!",another day another f challenge let conquer together,neutral
Can’t believe it’s already the F1 season! What’s your favorite part about the races?,cant believe already f season whats favorite part race,positive
Not satisfied with the F1 coverage this year. It needs improvement!,satisfied f coverage year need improvement,negative
Feeling grateful for the F1 community! You make everything worthwhile.,feeling grateful f community make everything worthwhile,positive
Our latest F1 feature is now live! Try it out and let us know what you think.,latest f feature live try let u know think,positive
Big F1 changes are coming. Stay tuned for more information next week.,big f change coming stay tuned information next week,positive
"Thanks for all the support, F1 fans! We wouldn’t be here without our amazing community.",thanks support f fan wouldnt without amazing community,positive
Have you seen our latest F1 post? Check it out and let us know your thoughts.,seen latest f post check let u know thought,positive
It’s time for another F1 giveaway! Like and comment for a chance to win.,time another f giveaway like comment chance win,positive
What are your thoughts on our recent F1 changes? Let us know in the comments below!,thought recent f change let u know comment,neutral
"This F1 season, we’re focusing on building a strong community. Stay tuned for exciting updates.",f season focusing building strong community stay tuned exciting update,positive
Your F1 feedback is incredibly important to us. Let us know what you think!,f feedback incredibly important u let u know think,positive
Happy Monday! Let’s make this F1 week a great one.,happy monday let make f week great one,positive
A huge thank you to all our F1 followers. We appreciate every single one of you!,huge thank f follower appreciate every single one,positive
Our latest F1 feature will save you time and effort. Give it a try today!,latest f feature save time effort give try today,positive
We’re all about innovation in F1. Stay tuned for more exciting news!,innovation f stay tuned exciting news,positive
What would you like to see from us next in F1? Your feedback shapes our future.,would like see u next f feedback shape future,neutral
Our team is working hard behind the scenes to bring you the best F1 experience possible.,team working hard behind scene bring best f experience possible,neutral
"Looking back on our F1 journey so far, we're so grateful for all your support.",looking back f journey far grateful support,neutral
Get ready for our biggest F1 update yet! More details coming soon.,get ready biggest f update yet detail coming soon,positive
Feeling excited about the F1 future! Can't wait to share more with you all.,feeling excited f future cant wait share,positive
F1 community feedback is at the heart of everything we do. Keep it coming!,f community feedback heart everything keep coming,neutral
Another F1 update is on the way! Stay tuned for more details.,another f update way stay tuned detail,positive
Feeling proud of how far we've come in F1. Here’s to the next big step!,feeling proud far weve come f here next big step,positive
Let’s keep the F1 conversation going! What’s one thing you love about our product?,let keep f conversation going whats one thing love product,positive
A massive thank you to all our loyal F1 supporters! We’re just getting started.,massive thank loyal f supporter getting started,positive
We've partnered with top F1 experts to bring you the best insights. Stay tuned for more!,weve partnered top f expert bring best insight stay tuned,positive
New F1 merchandise is available! Check out our shop for the latest gear.,new f merchandise available check shop latest gear,positive
Our F1 team has been working hard on some exciting updates. Can’t wait to share them with you!,f team working hard exciting update cant wait share,neutral
It’s F1 race day! Who’s your pick to win?,f race day who pick win,positive
The countdown to the next F1 race has begun! What are you most excited for?,countdown next f race begun excited,positive
We're gearing up for some major F1 announcements. Make sure to follow us for the latest news!,gearing major f announcement make sure follow u latest news,positive
Did you catch all the F1 action this weekend? Let’s discuss the best moments!,catch f action weekend let discus best moment,positive
Our new F1 updates are designed to give you the best experience possible. Let us know what you think!,new f update designed give best experience possible let u know think,positive
Big thanks to all the F1 fans for your continued support. We’ve got a lot more in store!,big thanks f fan continued support weve got lot store,positive
F1 race day is almost here! Who’s excited?,f race day almost who excited,positive
The latest F1 app update includes some game-changing features. Download now!,latest f app update includes gamechanging feature download,positive
We're constantly improving the F1 experience. What’s one feature you’d love to see?,constantly improving f experience whats one feature youd love see,positive
Exciting updates about the upcoming F1 season! Don’t miss out!,exciting update upcoming f season dont miss,positive
Happy weekend everyone! What are your plans? Anyone getting ready to watch the F1 race?,happy weekend everyone plan anyone getting ready watch f race,positive
The latest F1 updates are now available! Check them out!,latest f update available check,positive
We are super excited to announce new features for the F1 season!,super excited announce new feature f season,positive
"F1 fans, are you ready for another thrilling race weekend?",f fan ready another thrilling race weekend,positive
"Can’t wait for the next race, the anticipation is real!",cant wait next race anticipation real,positive
"New updates to improve your F1 experience, hope you like them!",new update improve f experience hope like,positive
Looking forward to seeing who takes the podium this time around!,looking forward seeing take podium time around,neutral
What an incredible race! So much excitement from start to finish!,incredible race much excitement start finish,positive
The new F1 season is shaping up to be a great one!,new f season shaping great one,positive
Hope you all are enjoying the races as much as we are!,hope enjoying race much,positive
Looking forward to some exciting new rivalries on the track!,looking forward exciting new rivalry track,positive
Today’s F1 race was simply amazing!,today f race simply amazing,positive
"Big changes ahead in the F1 world, stay tuned!",big change ahead f world stay tuned,neutral
Can’t believe how close the last race was!,cant believe close last race,neutral
The F1 teams are really stepping up their game this season.,f team really stepping game season,neutral
It's always great to see F1 fans supporting their favorite teams!,always great see f fan supporting favorite team,positive
"F1 has never been more exciting, what a season!",f never exciting season,positive
Looking forward to another thrilling race weekend!,looking forward another thrilling race weekend,positive
Who else thinks this F1 season is one of the best in years?,else think f season one best year,positive
"We’ve seen some fantastic races so far, and it’s only getting better!",weve seen fantastic race far getting better,positive
Great to see everyone excited for the F1 season!,great see everyone excited f season,positive
"F1 fans, your passion for the sport is amazing!",f fan passion sport amazing,positive
Hope you’re all as excited as we are for the next race!,hope youre excited next race,positive
Excited to see who wins the next Grand Prix!,excited see win next grand prix,positive
This season of F1 is shaping up to be unforgettable!,season f shaping unforgettable,positive
"What an amazing win for the team, congratulations!",amazing win team congratulation,positive
We can’t wait to see what happens next on the track!,cant wait see happens next track,neutral
What’s your prediction for the next race? Let us know!,whats prediction next race let u know,neutral
"The F1 excitement is building, get ready for more action!",f excitement building get ready action,positive
"Another incredible race day, what a show!",another incredible race day show,positive
Get ready for an epic F1 race weekend ahead!,get ready epic f race weekend ahead,positive
We love hearing from F1 fans – your passion keeps us going!,love hearing f fan passion keep u going,positive
"What a race, absolutely thrilling!",race absolutely thrilling,positive
Who else is counting down the days until the next race?,else counting day next race,neutral
"The new features are finally live, hope you enjoy them!",new feature finally live hope enjoy,positive
A race full of unexpected twists – what a finish!,race full unexpected twist finish,positive
The last race left us all on the edge of our seats!,last race left u edge seat,neutral
That was a close race! What a thrilling end!,close race thrilling end,positive
Hope everyone is ready for the big race this weekend!,hope everyone ready big race weekend,neutral
"Another F1 race weekend, another unforgettable event!",another f race weekend another unforgettable event,positive
"This race season is really heating up, who will come out on top?",race season really heating come top,positive
"The F1 race didn’t go as expected, but there’s always next time.",f race didnt go expected there always next time,neutral
"We know today’s race wasn’t the best, but there’s still hope for the next one!",know today race wasnt best there still hope next one,positive
"Disappointing result for the team today, but we’ll bounce back.",disappointing result team today well bounce back,negative
"Tough day at the track, but there’s always room for improvement.",tough day track there always room improvement,negative
"It wasn’t the best race, but the team gave it their all.",wasnt best race team gave,positive
"Unlucky finish for the driver today, but we’ll push harder next time.",unlucky finish driver today well push harder next time,neutral
"A tough race day, but we’re still in the fight.",tough race day still fight,negative
"The results weren’t what we hoped for, but we’ll come back stronger.",result werent hoped well come back stronger,neutral
"Not our best performance, but we’ve learned a lot for the next race.",best performance weve learned lot next race,positive
"It was a challenging day on the track, but there’s still much to fight for.",challenging day track there still much fight,positive
"We didn’t achieve the results we wanted today, but we’re not giving up.",didnt achieve result wanted today giving,neutral
"Today’s race wasn’t easy, but the team showed great resilience.",today race wasnt easy team showed great resilience,positive
"It wasn’t our day today, but we’ll keep pushing forward.",wasnt day today well keep pushing forward,neutral
"Disappointing race today, but we’ll regroup and come back stronger.",disappointing race today well regroup come back stronger,negative
We’ll learn from this race and keep moving forward.,well learn race keep moving forward,neutral
